Prenom,Nom,Type d'enregistrement,Famille,Date de naissance,Adresse e-mail,Telephone
Zebadiah,Lumsden,Camper,Famille Lumsden,10/19/11,,9645670935
Yvonne,Mitroshinov,Camper,Famille Mitroshinov,11/21/11,,3743025304
Yvon,Daily,Camper,Famille Daily,7/31/12,,5809116607
Yasmeen,Parsons,Camper,Famille Parsons,9/23/10,,8691036817
Xylia,Sandwick,Camper,Famille Sandwick,6/6/09,,7004838719
Winonah,Bockett,Camper,Famille Bockett,10/12/11,,5784432631
Wilona,Lisimore,Camper,Famille Lisimore,12/7/09,,3405543286
Vikki,Lisimore,Camper,Famille Lisimore,6/29/10,,3405543286
Vic,Peert,Camper,Famille Peert,10/16/11,,3117646941
Vera,Airton,Camper,Famille Airton,5/27/10,,9679924128
Tyne,Parsons,Camper,Famille Parsons,3/25/12,,8691036817
Tucker,Boules,Camper,Famille Boules,3/1/09,,6508008060
Titos,Thams,Camper,Famille Thams,2/24/11,,3603425915
Tibold,Hanselmann,Camper,Famille Hanselmann,8/4/09,,8711221638
Tammi,Dederich,Camper,Famille Dederich,4/8/11,,2668562290
Susanne,Darcy,Camper,Famille Darcy,5/31/10,,8304474430
Susana,Studman,Camper,Famille Studman,12/14/09,,1523574938
Spike,Patrick,Camper,Famille Patrick,4/5/11,,4069662049
Simonne,Stonehouse,Camper,Famille Stonehouse,7/25/12,,5002031016
Sherry,Howie,Camper,Famille Howie,10/9/12,,6177522269
Shelba,Criple,Camper,Famille Criple,8/12/11,,3641188776
Shawn,Carlesso,Camper,Famille Carlesso,6/16/11,,2923617541
Sharleen,Massen,Camper,Famille Massen,1/21/09,,6164709430
Sharla,Ourry,Camper,Famille Ourry,2/7/12,,8487487825
Shantee,Ethersey,Camper,Famille Ethersey,4/21/10,,2058762938
Rori,Wiz,Camper,Famille Wiz,10/16/09,,8868137257
Rickard,Howie,Camper,Famille Howie,1/10/12,,6177522269
Rennie,Gamlen,Camper,Famille Gamlen,3/29/10,,6267936181
Rees,Craighall,Camper,Famille Craighall,10/5/12,,1582574543
Raquela,Greenrodd,Camper,Famille Greenrodd,2/10/09,,2612462824
Rafael,Pitchers,Camper,Famille Pitchers,9/12/10,,2093931996
Phelia,Burmaster,Camper,Famille Burmaster,1/30/12,,2741702148
Peterus,Haldin,Camper,Famille Haldin,9/2/10,,1089572518
Pavla,Milverton,Camper,Famille Milverton,11/15/12,,4611922316
Pavel,Hinkensen,Camper,Famille Hinkensen,9/28/09,,5819559684
Pacorro,Christophers,Camper,Famille Christophers,12/10/11,,2142569746
Noell,Gromley,Camper,Famille Gromley,3/13/12,,8126940015
Nichole,Derry,Camper,Famille Derry,9/24/10,,7353123745
Nanon,Moryson,Camper,Famille Moryson,12/16/10,,7422469392
Meriel,Massen,Camper,Famille Massen,10/18/09,,6164709430
Massimo,Linkleter,Camper,Famille Linkleter,8/29/09,,5346060881
Marylynne,Hallmark,Camper,Famille Hallmark,9/2/11,,4478981303
Marven,Syde,Camper,Famille Syde,6/10/10,,9809294403
Marty,Angell,Camper,Famille Angell,5/2/09,,2204760482
Marigold,Hucknall,Camper,Famille Hucknall,7/8/09,,9199739339
Marianna,Bucklan,Camper,Famille Bucklan,7/11/12,,2383158253
Marget,Izsak,Camper,Famille Izsak,10/14/11,,4461669060
Malchy,Flacknoe,Camper,Famille Flacknoe,2/28/10,,2392096744
Madelyn,Comins,Camper,Famille Comins,2/8/10,,3451672449
Lukas,Patrick,Camper,Famille Patrick,5/10/12,,4069662049
Lothario,Lobell,Camper,Famille Lobell,3/13/10,,2273897192
Loren,Lillyman,Camper,Famille Lillyman,6/7/10,,4312019398
Lindsy,Gromley,Camper,Famille Gromley,9/9/11,,8126940015
Lind,Eglinton,Camper,Famille Eglinton,8/30/10,,4049339249
Leticia,Kimblin,Camper,Famille Kimblin,5/27/09,,2313751497
Lavina,Moryson,Camper,Famille Moryson,11/5/09,,7422469392
Laurent,Willgoss,Camper,Famille Willgoss,8/5/10,,5806558990
Laetitia,Clotworthy,Camper,Famille Clotworthy,5/29/12,,8618360033
Kissee,O'Brollachain,Camper,Famille O'Brollachain,9/23/12,,9802930317
Kirsten,Kobierski,Camper,Famille Kobierski,1/19/09,,6931660576
Ketti,Comins,Camper,Famille Comins,7/13/12,,3451672449
Katti,Kezar,Camper,Famille Kezar,7/21/09,,6829355130
Katha,Hinkensen,Camper,Famille Hinkensen,7/20/09,,5819559684
Karoly,Balaam,Camper,Famille Balaam,10/3/12,,7564939641
Karel,Oddboy,Camper,Famille Oddboy,12/14/10,,2796703834
Kare,Southwood,Camper,Famille Southwood,3/7/12,,6676888033
Juliette,Corbyn,Camper,Famille Corbyn,4/20/11,,9392727791
Josie,Clementet,Camper,Famille Clementet,4/7/11,,5409063265
Josiah,Clotworthy,Camper,Famille Clotworthy,4/7/09,,8618360033
Jonathan,Veart,Camper,Famille Veart,9/2/12,,9465549389
Jermayne,Aitken,Camper,Famille Aitken,9/20/09,,5825351521
Jenna,Piperley,Camper,Famille Piperley,11/24/11,,7559236380
Jeanelle,Hallmark,Camper,Famille Hallmark,8/1/10,,4478981303
Jard,Lanney,Camper,Famille Lanney,6/5/09,,6118714684
Jard,Peaurt,Camper,Famille Peaurt,3/1/12,,4662282538
Jameson,Jamot,Camper,Famille Jamot,6/21/12,,1314830839
Inigo,Kezar,Camper,Famille Kezar,12/9/12,,6829355130
Ingrid,Presshaugh,Camper,Famille Presshaugh,3/6/12,,3025508174
Ilyse,Wickwarth,Camper,Famille Wickwarth,2/8/11,,3678104560
Ilise,Haldin,Camper,Famille Haldin,9/3/12,,1089572518
Ilaire,Errigo,Camper,Famille Errigo,12/13/12,,2013236576
Iggie,Oddboy,Camper,Famille Oddboy,9/5/09,,2796703834
Idette,Desborough,Camper,Famille Desborough,12/1/09,,3246180487
Hyacinthia,Inderwick,Camper,Famille Inderwick,3/25/11,,1728052976
Hubert,Kobierski,Camper,Famille Kobierski,4/21/10,,6931660576
Hermy,De Francesco,Camper,Famille De Francesco,8/5/09,,7503454702
Hermie,Mary,Camper,Famille Mary,1/17/09,,3098952476
Herby,Clementet,Camper,Famille Clementet,9/1/11,,5409063265
Helaine,Milverton,Camper,Famille Milverton,9/24/12,,4611922316
Heidi,Derry,Camper,Famille Derry,12/22/09,,7353123745
Haskell,Fleg,Camper,Famille Fleg,1/26/11,,9334186371
Haily,Linkleter,Camper,Famille Linkleter,9/16/10,,5346060881
Gustave,Ceillier,Camper,Famille Ceillier,6/14/12,,4005505245
Gregor,Curedell,Camper,Famille Curedell,3/7/12,,6265634820
Giovanni,Stayt,Camper,Famille Stayt,12/22/12,,8073570550
Gertrude,Filon,Camper,Famille Filon,7/14/12,,3004883210
Gerri,Lillyman,Camper,Famille Lillyman,3/8/09,,4312019398
Gerianna,Eglinton,Camper,Famille Eglinton,8/10/10,,4049339249
Garvey,Kynoch,Camper,Famille Kynoch,2/10/10,,7853090180
Gan,Ethersey,Camper,Famille Ethersey,9/21/12,,2058762938
Gamaliel,Hanselmann,Camper,Famille Hanselmann,6/25/09,,8711221638
Free,Peaurt,Camper,Famille Peaurt,4/19/12,,4662282538
Field,Tousy,Camper,Famille Tousy,5/21/11,,6222480824
Fianna,Curedell,Camper,Famille Curedell,7/2/12,,6265634820
Erminia,Mary,Camper,Famille Mary,2/14/09,,3098952476
Erika,Gamlen,Camper,Famille Gamlen,11/17/12,,6267936181
Emmalee,Greenrodd,Camper,Famille Greenrodd,10/19/09,,2612462824
Elwira,Daily,Camper,Famille Daily,12/10/09,,5809116607
Elton,Craighall,Camper,Famille Craighall,4/7/10,,1582574543
Elisha,Cardoo,Camper,Famille Cardoo,8/14/12,,7756975751
Efren,O'Brollachain,Camper,Famille O'Brollachain,5/5/12,,9802930317
Dicky,Inderwick,Camper,Famille Inderwick,7/1/09,,1728052976
Diane-marie,Antoszczyk,Camper,Famille Antoszczyk,5/4/10,,3805811539
Dee,Hucknall,Camper,Famille Hucknall,5/10/09,,9199739339
Debor,Dederich,Camper,Famille Dederich,7/11/11,,2668562290
Davine,Squibbes,Camper,Famille Squibbes,6/6/10,,8986401658
Dasha,Demcak,Camper,Famille Demcak,3/29/09,,4787655576
Darrelle,Criple,Camper,Famille Criple,2/12/10,,3641188776
Danika,Westell,Camper,Famille Westell,7/21/11,,8879316267
Dale,Darcy,Camper,Famille Darcy,6/27/10,,8304474430
Daile,Seville,Camper,Famille Seville,6/19/09,,8069079148
Dagny,Joriot,Camper,Famille Joriot,3/10/09,,3568760415
Cynthea,Rattray,Camper,Famille Rattray,11/6/10,,1141317657
Crystal,Lanney,Camper,Famille Lanney,2/5/11,,6118714684
Courtnay,Errigo,Camper,Famille Errigo,3/6/11,,2013236576
Cornell,Mitroshinov,Camper,Famille Mitroshinov,5/18/12,,3743025304
Corbett,Lovejoy,Camper,Famille Lovejoy,4/5/10,,3032856543
Coraline,Ceillier,Camper,Famille Ceillier,4/22/09,,4005505245
Chiquia,Lovejoy,Camper,Famille Lovejoy,5/24/10,,3032856543
Chaddy,Jamot,Camper,Famille Jamot,10/8/12,,1314830839
Carolus,Corbyn,Camper,Famille Corbyn,10/31/11,,9392727791
Candie,Roocroft,Camper,Famille Roocroft,12/19/12,,4955295292
Cam,Bowry,Camper,Famille Bowry,6/25/09,,5814098576
Brooks,Yanuk,Camper,Famille Yanuk,11/25/09,,2449770939
Brita,Demcak,Camper,Famille Demcak,3/22/10,,4787655576
Brewster,Desborough,Camper,Famille Desborough,10/18/09,,3246180487
Brett,Joriot,Camper,Famille Joriot,10/1/09,,3568760415
Bond,Kynoch,Camper,Famille Kynoch,11/7/10,,7853090180
Bobinette,Pankhurst.,Camper,Famille Pankhurst.,9/24/10,,7699504715
Beryle,Filon,Camper,Famille Filon,10/1/11,,3004883210
Beatrice,Inder,Camper,Famille Inder,9/27/09,,4116932711
Aylmar,Dahlbom,Camper,Famille Dahlbom,6/24/09,,1384274520
Averil,Kerwick,Camper,Famille Kerwick,8/7/12,,9629706855
Aurilia,Flacknoe,Camper,Famille Flacknoe,11/18/11,,2392096744
Aubrey,Symms,Camper,Famille Symms,11/29/10,,1813586464
Arel,Christophers,Camper,Famille Christophers,7/3/12,,2142569746
Ardelle,Dahlbom,Camper,Famille Dahlbom,11/24/10,,1384274520
Annmarie,Castiblanco,Camper,Famille Castiblanco,12/4/09,,7226215717
Andris,Baron,Camper,Famille Baron,8/21/11,,7391861857
Andriette,Slaymaker,Camper,Famille Slaymaker,11/16/12,,7522172516
Amanda,Fleg,Camper,Famille Fleg,1/16/10,,9334186371
Amalia,Kimblin,Camper,Famille Kimblin,6/19/12,,2313751497
Alverta,Peert,Camper,Famille Peert,7/14/10,,3117646941
Allys,Ourry,Camper,Famille Ourry,9/7/10,,8487487825
Alfonse,Redgate,Camper,Famille Redgate,12/3/10,,5152960735
Alexei,Pankhurst.,Camper,Famille Pankhurst.,6/2/10,,7699504715
Aleta,Kerwick,Camper,Famille Kerwick,2/12/11,,9629706855
Alanna,Inder,Camper,Famille Inder,4/28/12,,4116932711
Aguste,Lumsden,Camper,Famille Lumsden,5/6/11,,9645670935
Aggi,Lobell,Camper,Famille Lobell,11/14/12,,2273897192
Adda,De Francesco,Camper,Famille De Francesco,7/13/12,,7503454702
Abe,Izsak,Camper,Famille Izsak,11/7/12,,4461669060
Yasmeen,Sandwick,Guardian,,,YSandwick@example.com,7004838719
Yale,Massen,Guardian,,,YMassen@example.com,6164709430
Woodie,Eglinton,Guardian,,,WEglinton@example.com,4049339249
Vevay,Linkleter,Guardian,,,VLinkleter@example.com,5346060881
Terrence,Ceillier,Guardian,,,TCeillier@example.com,4005505245
Tansy,Balaam,Guardian,,,TBalaam@example.com,7564939641
Tandie,Dederich,Guardian,,,TDederich@example.com,2668562290
Susana,Gamlen,Guardian,,,SGamlen@example.com,6267936181
Sheri,Kezar,Guardian,,,SKezar@example.com,6829355130
Ruthanne,Airton,Guardian,,,RAirton@example.com,9679924128
Rosita,Comins,Guardian,,,RComins@example.com,3451672449
Roda,Rattray,Guardian,,,RRattray@example.com,1141317657
Rhea,Joriot,Guardian,,,RJoriot@example.com,3568760415
Randy,Inderwick,Guardian,,,RInderwick@example.com,1728052976
Ramonda,Castiblanco,Guardian,,,RCastiblanco@example.com,7226215717
Piotr,Mary,Guardian,,,PMary@example.com,3098952476
Patty,Lobell,Guardian,,,PLobell@example.com,2273897192
Norry,Hinkensen,Guardian,,,NHinkensen@example.com,5819559684
Neda,Haldin,Guardian,,,NHaldin@example.com,1089572518
Morgan,Izsak,Guardian,,,MIzsak@example.com,4461669060
Min,Lillyman,Guardian,,,MLillyman@example.com,4312019398
Mikel,Howie,Guardian,,,MHowie@example.com,6177522269
Marjorie,Lumsden,Guardian,,,MLumsden@example.com,9645670935
Maria,Roocroft,Guardian,,,MRoocroft@example.com,4955295292
Magdalena,Clementet,Guardian,,,MClementet@example.com,5409063265
Lydon,Boules,Guardian,,,LBoules@example.com,6508008060
Luther,Cardoo,Guardian,,,LCardoo@example.com,7756975751
Loree,Bowry,Guardian,,,LBowry@example.com,5814098576
Lona,Fleg,Guardian,,,LFleg@example.com,9334186371
Lemmie,Clotworthy,Guardian,,,LClotworthy@example.com,8618360033
Laurent,Christophers,Guardian,,,LChristophers@example.com,2142569746
Kerry,Ourry,Guardian,,,KOurry@example.com,8487487825
Kelila,Inder,Guardian,,,KInder@example.com,4116932711
Kaitlyn,Baron,Guardian,,,KBaron@example.com,7391861857
Jude,De Francesco,Guardian,,,JDeFrancesco@example.com,7503454702
Joyous,Peert,Guardian,,,JPeert@example.com,3117646941
Joyan,Angell,Guardian,,,JAngell@example.com,2204760482
Joey,Corbyn,Guardian,,,JCorbyn@example.com,9392727791
Jeremie,Bucklan,Guardian,,,JBucklan@example.com,2383158253
Jeanette,Desborough,Guardian,,,JDesborough@example.com,3246180487
Jacobo,Seville,Guardian,,,JSeville@example.com,8069079148
Iormina,Dahlbom,Guardian,,,IDahlbom@example.com,1384274520
Ingar,Lovejoy,Guardian,,,ILovejoy@example.com,3032856543
Huntlee,Peaurt,Guardian,,,HPeaurt@example.com,4662282538
Haven,Aitken,Guardian,,,HAitken@example.com,5825351521
Harriot,Slaymaker,Guardian,,,HSlaymaker@example.com,7522172516
Greg,Mitroshinov,Guardian,,,GMitroshinov@example.com,3743025304
Gonzales,Kimblin,Guardian,,,GKimblin@example.com,2313751497
Genevra,Hallmark,Guardian,,,GHallmark@example.com,4478981303
Gena,Oddboy,Guardian,,,GOddboy@example.com,2796703834
Franky,Carlesso,Guardian,,,FCarlesso@example.com,2923617541
Frankie,Errigo,Guardian,,,FErrigo@example.com,2013236576
Faunie,Greenrodd,Guardian,,,FGreenrodd@example.com,2612462824
Evey,Lanney,Guardian,,,ELanney@example.com,6118714684
Erin,Redgate,Guardian,,,ERedgate@example.com,5152960735
Eric,Flacknoe,Guardian,,,EFlacknoe@example.com,2392096744
Englebert,Criple,Guardian,,,ECriple@example.com,3641188776
Emmie,Presshaugh,Guardian,,,EPresshaugh@example.com,3025508174
Eleanore,Derry,Guardian,,,EDerry@example.com,7353123745
Dulcia,Kobierski,Guardian,,,DKobierski@example.com,6931660576
Drusie,Parsons,Guardian,,,DParsons@example.com,8691036817
Dick,Milverton,Guardian,,,DMilverton@example.com,4611922316
Denni,Lisimore,Guardian,,,DLisimore@example.com,3405543286
Delmer,Squibbes,Guardian,,,DSquibbes@example.com,8986401658
Cyrus,Piperley,Guardian,,,CPiperley@example.com,7559236380
Curtis,Bockett,Guardian,,,CBockett@example.com,5784432631
Chryste,O'Brollachain,Guardian,,,CO'Brollachain@example.com,9802930317
Charleen,Demcak,Guardian,,,CDemcak@example.com,4787655576
Cathrine,Darcy,Guardian,,,CDarcy@example.com,8304474430
Carissa,Gromley,Guardian,,,CGromley@example.com,8126940015
Candi,Hanselmann,Guardian,,,CHanselmann@example.com,8711221638
Burgess,Antoszczyk,Guardian,,,BAntoszczyk@example.com,3805811539
Burch,Pitchers,Guardian,,,BPitchers@example.com,2093931996
Broderick,Kynoch,Guardian,,,BKynoch@example.com,7853090180
Brittaney,Moryson,Guardian,,,BMoryson@example.com,7422469392
Bourke,Curedell,Guardian,,,BCuredell@example.com,6265634820
Bessie,Jamot,Guardian,,,BJamot@example.com,1314830839
Berkley,Filon,Guardian,,,BFilon@example.com,3004883210
Bennett,Stayt,Guardian,,,BStayt@example.com,8073570550
Benedicta,Craighall,Guardian,,,BCraighall@example.com,1582574543
Becky,Ethersey,Guardian,,,BEthersey@example.com,2058762938
Bail,Daily,Guardian,,,BDaily@example.com,5809116607
Aymer,Patrick,Guardian,,,APatrick@example.com,4069662049
Aron,Southwood,Guardian,,,ASouthwood@example.com,6676888033
Archaimbaud,Burmaster,Guardian,,,ABurmaster@example.com,2741702148
Amaleta,Pankhurst.,Guardian,,,APankhurst.@example.com,7699504715
Adelheid,Hucknall,Guardian,,,AHucknall@example.com,9199739339
Abdul,Kerwick,Guardian,,,AKerwick@example.com,9629706855
Vera,Stonehouse,Guardian,,,VStonehouse@example.com,5002031016
Tyne,Studman,Guardian,,,TStudman@example.com,1523574938
Tucker,Syde,Guardian,,,TSyde@example.com,9809294403
Titos,Symms,Guardian,,,TSymms@example.com,1813586464
Tibold,Thams,Guardian,,,TThams@example.com,3603425915
Terrence,Tousy,Guardian,,,TTousy@example.com,6222480824
Tansy,Veart,Guardian,,,TVeart@example.com,9465549389
Tandie,Westell,Guardian,,,TWestell@example.com,8879316267
Tammi,Wickwarth,Guardian,,,TWickwarth@example.com,3678104560
Susanne,Willgoss,Guardian,,,SWillgoss@example.com,5806558990
Susana,Wiz,Guardian,,,SWiz@example.com,8868137257
Susana,Yanuk,Guardian,,,SYanuk@example.com,2449770939