Prenom,Nom,Type d'enregistrement,Nom de Famille,Date de naissance,Adresse e-mail,Telephone
Zebadiah,Lumsden,Campeur,Famille Lumsden,10/21/11,,9645670935
Yvonne,Mitroshinov,Campeur,Famille Mitroshinov,11/23/07,,3743025304
Yvon,Daily,Campeur,Famille Daily,8/3/02,,5809116607
Yasmeen,Parsons,Campeur,Famille Parsons,9/25/10,,8691036817
Xylia,Sandwick,Campeur,Famille Sandwick,6/9/09,,7004838719
Winonah,Bockett,Campeur,Famille Bockett,10/14/11,,5784432631
Wilona,Lisimore,Campeur,Famille Lisimore,12/10/09,,3405543286
Vikki,Lisimore,Campeur,Famille Lisimore,7/1/10,,3405543286
Vic,Peert,Campeur,Famille Peert,10/18/11,,3117646941
Vera,Airton,Campeur,Famille Airton,5/29/10,,9679924128
Tyne,Parsons,Campeur,Famille Parsons,3/28/02,,8691036817
Tucker,Boules,Campeur,Famille Boules,3/4/09,,6508008060
Titos,Thams,Campeur,Famille Thams,2/26/07,,3603425915
Tibold,Hanselmann,Campeur,Famille Hanselmann,8/7/09,,8711221638
Tammi,Dederich,Campeur,Famille Dederich,4/10/07,,2668562290
Susanne,Darcy,Campeur,Famille Darcy,6/2/05,,8304474430
Susana,Studman,Campeur,Famille Studman,12/17/09,,1523574938
Spike,Patrick,Campeur,Famille Patrick,4/7/07,,4069662049
Simonne,Stonehouse,Campeur,Famille Stonehouse,7/28/02,,5002031016
Sherry,Howie,Campeur,Famille Howie,10/12/12,,6177522269
Shelba,Criple,Campeur,Famille Criple,8/14/07,,3641188776
Shawn,Carlesso,Campeur,Famille Carlesso,6/18/07,,2923617541
Sharleen,Massen,Campeur,Famille Massen,1/24/09,,6164709430
Sharla,Ourry,Campeur,Famille Ourry,2/9/02,,8487487825
Shantee,Ethersey,Campeur,Famille Ethersey,4/23/05,,2058762938
Rori,Wiz,Campeur,Famille Wiz,10/19/09,,8868137257
Rickard,Howie,Campeur,Famille Howie,1/12/02,,6177522269
Rennie,Gamlen,Campeur,Famille Gamlen,3/31/05,,6267936181
Rees,Craighall,Campeur,Famille Craighall,10/8/02,,1582574543
Raquela,Greenrodd,Campeur,Famille Greenrodd,2/13/09,,2612462824
Rafael,Pitchers,Campeur,Famille Pitchers,9/14/05,,2093931996
Phelia,Burmaster,Campeur,Famille Burmaster,2/1/02,,2741702148
Peterus,Haldin,Campeur,Famille Haldin,9/4/05,,1089572518
Pavla,Milverton,Campeur,Famille Milverton,11/18/02,,4611922316
Pavel,Hinkensen,Campeur,Famille Hinkensen,10/1/09,,5819559684
Pacorro,Christophers,Campeur,Famille Christophers,12/12/07,,2142569746
Noell,Gromley,Campeur,Famille Gromley,3/16/02,,8126940015
Nichole,Derry,Campeur,Famille Derry,9/26/05,,7353123745
Nanon,Moryson,Campeur,Famille Moryson,12/18/05,,7422469392
Meriel,Massen,Campeur,Famille Massen,10/21/09,,6164709430
Massimo,Linkleter,Campeur,Famille Linkleter,9/1/09,,5346060881
Marylynne,Hallmark,Campeur,Famille Hallmark,9/4/07,,4478981303
Marven,Syde,Campeur,Famille Syde,6/12/05,,9809294403
Marty,Angell,Campeur,Famille Angell,5/5/09,,2204760482
Marigold,Hucknall,Campeur,Famille Hucknall,7/11/09,,9199739339
Marianna,Bucklan,Campeur,Famille Bucklan,7/14/02,,2383158253
Marget,Izsak,Campeur,Famille Izsak,10/16/07,,4461669060
Malchy,Flacknoe,Campeur,Famille Flacknoe,3/2/05,,2392096744
Madelyn,Comins,Campeur,Famille Comins,2/11/05,,3451672449
Lukas,Patrick,Campeur,Famille Patrick,5/13/02,,4069662049
Lothario,Lobell,Campeur,Famille Lobell,3/15/05,,2273897192
Loren,Lillyman,Campeur,Famille Lillyman,6/9/05,,4312019398
Lindsy,Gromley,Campeur,Famille Gromley,9/11/07,,8126940015
Lind,Eglinton,Campeur,Famille Eglinton,9/1/05,,4049339249
Leticia,Kimblin,Campeur,Famille Kimblin,5/30/09,,2313751497
Lavina,Moryson,Campeur,Famille Moryson,11/8/09,,7422469392
Laurent,Willgoss,Campeur,Famille Willgoss,8/7/05,,5806558990
Laetitia,Clotworthy,Campeur,Famille Clotworthy,6/1/02,,8618360033
Kissee,O'Brollachain,Campeur,Famille O'Brollachain,9/26/02,,9802930317
Kirsten,Kobierski,Campeur,Famille Kobierski,1/22/09,,6931660576
Ketti,Comins,Campeur,Famille Comins,7/16/02,,3451672449
Katti,Kezar,Campeur,Famille Kezar,7/24/09,,6829355130
Katha,Hinkensen,Campeur,Famille Hinkensen,7/23/09,,5819559684
Karoly,Balaam,Campeur,Famille Balaam,10/6/02,,7564939641
Karel,Oddboy,Campeur,Famille Oddboy,12/16/05,,2796703834
Kare,Southwood,Campeur,Famille Southwood,3/10/02,,6676888033
Juliette,Corbyn,Campeur,Famille Corbyn,4/22/07,,9392727791
Josie,Clementet,Campeur,Famille Clementet,4/9/07,,5409063265
Josiah,Clotworthy,Campeur,Famille Clotworthy,4/10/09,,8618360033
Jonathan,Veart,Campeur,Famille Veart,9/5/02,,9465549389
Jermayne,Aitken,Campeur,Famille Aitken,9/23/09,,5825351521
Jenna,Piperley,Campeur,Famille Piperley,11/26/07,,7559236380
Jeanelle,Hallmark,Campeur,Famille Hallmark,8/3/05,,4478981303
Jard,Lanney,Campeur,Famille Lanney,6/8/09,,6118714684
Jard,Peaurt,Campeur,Famille Peaurt,3/4/02,,4662282538
Jameson,Jamot,Campeur,Famille Jamot,6/24/02,,1314830839
Inigo,Kezar,Campeur,Famille Kezar,12/12/02,,6829355130
Ingrid,Presshaugh,Campeur,Famille Presshaugh,3/9/02,,3025508174
Ilyse,Wickwarth,Campeur,Famille Wickwarth,2/10/07,,3678104560
Ilise,Haldin,Campeur,Famille Haldin,9/6/02,,1089572518
Ilaire,Errigo,Campeur,Famille Errigo,12/16/02,,2013236576
Iggie,Oddboy,Campeur,Famille Oddboy,9/8/09,,2796703834
Idette,Desborough,Campeur,Famille Desborough,12/4/09,,3246180487
Hyacinthia,Inderwick,Campeur,Famille Inderwick,3/27/07,,1728052976
Hubert,Kobierski,Campeur,Famille Kobierski,4/23/05,,6931660576
Hermy,De Francesco,Campeur,Famille De Francesco,8/8/09,,7503454702
Hermie,Mary,Campeur,Famille Mary,1/20/09,,3098952476
Herby,Clementet,Campeur,Famille Clementet,9/3/07,,5409063265
Helaine,Milverton,Campeur,Famille Milverton,9/27/02,,4611922316
Heidi,Derry,Campeur,Famille Derry,12/25/09,,7353123745
Haskell,Fleg,Campeur,Famille Fleg,1/28/07,,9334186371
Haily,Linkleter,Campeur,Famille Linkleter,9/18/05,,5346060881
Gustave,Ceillier,Campeur,Famille Ceillier,6/17/02,,4005505245
Gregor,Curedell,Campeur,Famille Curedell,3/10/02,,6265634820
Giovanni,Stayt,Campeur,Famille Stayt,12/25/02,,8073570550
Gertrude,Filon,Campeur,Famille Filon,7/17/02,,3004883210
Gerri,Lillyman,Campeur,Famille Lillyman,3/11/09,,4312019398
Gerianna,Eglinton,Campeur,Famille Eglinton,8/12/05,,4049339249
Garvey,Kynoch,Campeur,Famille Kynoch,2/13/05,,7853090180
Gan,Ethersey,Campeur,Famille Ethersey,9/24/02,,2058762938
Gamaliel,Hanselmann,Campeur,Famille Hanselmann,6/28/09,,8711221638
Free,Peaurt,Campeur,Famille Peaurt,4/22/02,,4662282538
Field,Tousy,Campeur,Famille Tousy,5/23/07,,6222480824
Fianna,Curedell,Campeur,Famille Curedell,7/5/02,,6265634820
Erminia,Mary,Campeur,Famille Mary,2/17/09,,3098952476
Erika,Gamlen,Campeur,Famille Gamlen,11/20/02,,6267936181
Emmalee,Greenrodd,Campeur,Famille Greenrodd,10/22/09,,2612462824
Elwira,Daily,Campeur,Famille Daily,12/13/09,,5809116607
Elton,Craighall,Campeur,Famille Craighall,4/9/05,,1582574543
Elisha,Cardoo,Campeur,Famille Cardoo,8/17/02,,7756975751
Efren,O'Brollachain,Campeur,Famille O'Brollachain,5/8/02,,9802930317
Dicky,Inderwick,Campeur,Famille Inderwick,7/4/09,,1728052976
Diane-marie,Antoszczyk,Campeur,Famille Antoszczyk,5/6/05,,3805811539
Dee,Hucknall,Campeur,Famille Hucknall,5/13/09,,9199739339
Debor,Dederich,Campeur,Famille Dederich,7/13/07,,2668562290
Davine,Squibbes,Campeur,Famille Squibbes,6/8/05,,8986401658
Dasha,Demcak,Campeur,Famille Demcak,4/1/09,,4787655576
Darrelle,Criple,Campeur,Famille Criple,2/15/05,,3641188776
Danika,Westell,Campeur,Famille Westell,7/23/07,,8879316267
Dale,Darcy,Campeur,Famille Darcy,6/29/05,,8304474430
Daile,Seville,Campeur,Famille Seville,6/22/09,,8069079148
Dagny,Joriot,Campeur,Famille Joriot,3/13/09,,3568760415
Cynthea,Rattray,Campeur,Famille Rattray,11/8/05,,1141317657
Crystal,Lanney,Campeur,Famille Lanney,2/7/07,,6118714684
Courtnay,Errigo,Campeur,Famille Errigo,3/8/07,,2013236576
Cornell,Mitroshinov,Campeur,Famille Mitroshinov,5/21/02,,3743025304
Corbett,Lovejoy,Campeur,Famille Lovejoy,4/7/05,,3032856543
Coraline,Ceillier,Campeur,Famille Ceillier,4/25/09,,4005505245
Chiquia,Lovejoy,Campeur,Famille Lovejoy,5/26/05,,3032856543
Chaddy,Jamot,Campeur,Famille Jamot,10/11/02,,1314830839
Carolus,Corbyn,Campeur,Famille Corbyn,11/2/07,,9392727791
Candie,Roocroft,Campeur,Famille Roocroft,12/22/02,,4955295292
Cam,Bowry,Campeur,Famille Bowry,6/28/09,,5814098576
Brooks,Yanuk,Campeur,Famille Yanuk,11/28/09,,2449770939
Brita,Demcak,Campeur,Famille Demcak,3/24/05,,4787655576
Brewster,Desborough,Campeur,Famille Desborough,10/21/09,,3246180487
Brett,Joriot,Campeur,Famille Joriot,10/4/09,,3568760415
Bond,Kynoch,Campeur,Famille Kynoch,11/9/05,,7853090180
Beryle,Filon,Campeur,Famille Filon,10/3/07,,3004883210
Beatrice,Inder,Campeur,Famille Inder,9/30/09,,4116932711
Aylmar,Dahlbom,Campeur,Famille Dahlbom,6/27/09,,1384274520
Averil,Kerwick,Campeur,Famille Kerwick,8/10/02,,9629706855
Aurilia,Flacknoe,Campeur,Famille Flacknoe,11/20/07,,2392096744
Aubrey,Symms,Campeur,Famille Symms,12/1/05,,1813586464
Arel,Christophers,Campeur,Famille Christophers,7/6/02,,2142569746
Ardelle,Dahlbom,Campeur,Famille Dahlbom,11/26/05,,1384274520
Annmarie,Castiblanco,Campeur,Famille Castiblanco,12/7/09,,7226215717
Andris,Baron,Campeur,Famille Baron,8/23/07,,7391861857
Andriette,Slaymaker,Campeur,Famille Slaymaker,11/19/02,,7522172516
Amanda,Fleg,Campeur,Famille Fleg,1/19/05,,9334186371
Amalia,Kimblin,Campeur,Famille Kimblin,6/22/02,,2313751497
Alverta,Peert,Campeur,Famille Peert,7/16/05,,3117646941
Allys,Ourry,Campeur,Famille Ourry,9/9/05,,8487487825
Alfonse,Redgate,Campeur,Famille Redgate,12/5/05,,5152960735
Aleta,Kerwick,Campeur,Famille Kerwick,2/14/07,,9629706855
Alanna,Inder,Campeur,Famille Inder,5/1/02,,4116932711
Aguste,Lumsden,Campeur,Famille Lumsden,5/8/07,,9645670935
Aggi,Lobell,Campeur,Famille Lobell,11/17/02,,2273897192
Adda,De Francesco,Campeur,Famille De Francesco,7/16/02,,7503454702
Abe,Izsak,Campeur,Famille Izsak,11/10/02,,4461669060
Yasmeen,Sandwick,Tuteur,Famille Sandwick,,YSandwick@example.com,7004838719
Yale,Massen,Tuteur,Famille Massen,,YMassen@example.com,6164709430
Woodie,Eglinton,Tuteur,Famille Eglinton,,WEglinton@example.com,4049339249
Vevay,Linkleter,Tuteur,Famille Linkleter,,VLinkleter@example.com,5346060881
Terrence,Ceillier,Tuteur,Famille Ceillier,,TCeillier@example.com,4005505245
Tansy,Balaam,Tuteur,Famille Balaam,,TBalaam@example.com,7564939641
Tandie,Dederich,Tuteur,Famille Dederich,,TDederich@example.com,2668562290
Susana,Gamlen,Tuteur,Famille Gamlen,,SGamlen@example.com,6267936181
Sheri,Kezar,Tuteur,Famille Kezar,,SKezar@example.com,6829355130
Ruthanne,Airton,Tuteur,Famille Airton,,RAirton@example.com,9679924128
Rosita,Comins,Tuteur,Famille Comins,,RComins@example.com,3451672449
Roda,Rattray,Tuteur,Famille Rattray,,RRattray@example.com,1141317657
Rhea,Joriot,Tuteur,Famille Joriot,,RJoriot@example.com,3568760415
Randy,Inderwick,Tuteur,Famille Inderwick,,RInderwick@example.com,1728052976
Ramonda,Castiblanco,Tuteur,Famille Castiblanco,,RCastiblanco@example.com,7226215717
Piotr,Mary,Tuteur,Famille Mary,,PMary@example.com,3098952476
Patty,Lobell,Tuteur,Famille Lobell,,PLobell@example.com,2273897192
Norry,Hinkensen,Tuteur,Famille Hinkensen,,NHinkensen@example.com,5819559684
Neda,Haldin,Tuteur,Famille Haldin,,NHaldin@example.com,1089572518
Morgan,Izsak,Tuteur,Famille Izsak,,MIzsak@example.com,4461669060
Min,Lillyman,Tuteur,Famille Lillyman,,MLillyman@example.com,4312019398
Mikel,Howie,Tuteur,Famille Howie,,MHowie@example.com,6177522269
Marjorie,Lumsden,Tuteur,Famille Lumsden,,MLumsden@example.com,9645670935
Maria,Roocroft,Tuteur,Famille Roocroft,,MRoocroft@example.com,4955295292
Magdalena,Clementet,Tuteur,Famille Clementet,,MClementet@example.com,5409063265
Lydon,Boules,Tuteur,Famille Boules,,LBoules@example.com,6508008060
Luther,Cardoo,Tuteur,Famille Cardoo,,LCardoo@example.com,7756975751
Loree,Bowry,Tuteur,Famille Bowry,,LBowry@example.com,5814098576
Lona,Fleg,Tuteur,Famille Fleg,,LFleg@example.com,9334186371
Lemmie,Clotworthy,Tuteur,Famille Clotworthy,,LClotworthy@example.com,8618360033
Laurent,Christophers,Tuteur,Famille Christophers,,LChristophers@example.com,2142569746
Kerry,Ourry,Tuteur,Famille Ourry,,KOurry@example.com,8487487825
Kelila,Inder,Tuteur,Famille Inder,,KInder@example.com,4116932711
Kaitlyn,Baron,Tuteur,Famille Baron,,KBaron@example.com,7391861857
Jude,De Francesco,Tuteur,Famille De Francesco,,JDeFrancesco@example.com,7503454702
Joyous,Peert,Tuteur,Famille Peert,,JPeert@example.com,3117646941
Joyan,Angell,Tuteur,Famille Angell,,JAngell@example.com,2204760482
Joey,Corbyn,Tuteur,Famille Corbyn,,JCorbyn@example.com,9392727791
Jeremie,Bucklan,Tuteur,Famille Bucklan,,JBucklan@example.com,2383158253
Jeanette,Desborough,Tuteur,Famille Desborough,,JDesborough@example.com,3246180487
Jacobo,Seville,Tuteur,Famille Seville,,JSeville@example.com,8069079148
Iormina,Dahlbom,Tuteur,Famille Dahlbom,,IDahlbom@example.com,1384274520
Ingar,Lovejoy,Tuteur,Famille Lovejoy,,ILovejoy@example.com,3032856543
Huntlee,Peaurt,Tuteur,Famille Peaurt,,HPeaurt@example.com,4662282538
Haven,Aitken,Tuteur,Famille Aitken,,HAitken@example.com,5825351521
Harriot,Slaymaker,Tuteur,Famille Slaymaker,,HSlaymaker@example.com,7522172516
Greg,Mitroshinov,Tuteur,Famille Mitroshinov,,GMitroshinov@example.com,3743025304
Gonzales,Kimblin,Tuteur,Famille Kimblin,,GKimblin@example.com,2313751497
Genevra,Hallmark,Tuteur,Famille Hallmark,,GHallmark@example.com,4478981303
Gena,Oddboy,Tuteur,Famille Oddboy,,GOddboy@example.com,2796703834
Franky,Carlesso,Tuteur,Famille Carlesso,,FCarlesso@example.com,2923617541
Frankie,Errigo,Tuteur,Famille Errigo,,FErrigo@example.com,2013236576
Faunie,Greenrodd,Tuteur,Famille Greenrodd,,FGreenrodd@example.com,2612462824
Evey,Lanney,Tuteur,Famille Lanney,,ELanney@example.com,6118714684
Erin,Redgate,Tuteur,Famille Redgate,,ERedgate@example.com,5152960735
Eric,Flacknoe,Tuteur,Famille Flacknoe,,EFlacknoe@example.com,2392096744
Englebert,Criple,Tuteur,Famille Criple,,ECriple@example.com,3641188776
Emmie,Presshaugh,Tuteur,Famille Presshaugh,,EPresshaugh@example.com,3025508174
Eleanore,Derry,Tuteur,Famille Derry,,EDerry@example.com,7353123745
Dulcia,Kobierski,Tuteur,Famille Kobierski,,DKobierski@example.com,6931660576
Drusie,Parsons,Tuteur,Famille Parsons,,DParsons@example.com,8691036817
Dick,Milverton,Tuteur,Famille Milverton,,DMilverton@example.com,4611922316
Denni,Lisimore,Tuteur,Famille Lisimore,,DLisimore@example.com,3405543286
Delmer,Squibbes,Tuteur,Famille Squibbes,,DSquibbes@example.com,8986401658
Cyrus,Piperley,Tuteur,Famille Piperley,,CPiperley@example.com,7559236380
Curtis,Bockett,Tuteur,Famille Bockett,,CBockett@example.com,5784432631
Chryste,O'Brollachain,Tuteur,Famille O'Brollachain,,CO'Brollachain@example.com,9802930317
Charleen,Demcak,Tuteur,Famille Demcak,,CDemcak@example.com,4787655576
Cathrine,Darcy,Tuteur,Famille Darcy,,CDarcy@example.com,8304474430
Carissa,Gromley,Tuteur,Famille Gromley,,CGromley@example.com,8126940015
Candi,Hanselmann,Tuteur,Famille Hanselmann,,CHanselmann@example.com,8711221638
Burgess,Antoszczyk,Tuteur,Famille Antoszczyk,,BAntoszczyk@example.com,3805811539
Burch,Pitchers,Tuteur,Famille Pitchers,,BPitchers@example.com,2093931996
Broderick,Kynoch,Tuteur,Famille Kynoch,,BKynoch@example.com,7853090180
Brittaney,Moryson,Tuteur,Famille Moryson,,BMoryson@example.com,7422469392
Bourke,Curedell,Tuteur,Famille Curedell,,BCuredell@example.com,6265634820
Bessie,Jamot,Tuteur,Famille Jamot,,BJamot@example.com,1314830839
Berkley,Filon,Tuteur,Famille Filon,,BFilon@example.com,3004883210
Bennett,Stayt,Tuteur,Famille Stayt,,BStayt@example.com,8073570550
Benedicta,Craighall,Tuteur,Famille Craighall,,BCraighall@example.com,1582574543
Becky,Ethersey,Tuteur,Famille Ethersey,,BEthersey@example.com,2058762938
Bail,Daily,Tuteur,Famille Daily,,BDaily@example.com,5809116607
Aymer,Patrick,Tuteur,Famille Patrick,,APatrick@example.com,4069662049
Aron,Southwood,Tuteur,Famille Southwood,,ASouthwood@example.com,6676888033
Archaimbaud,Burmaster,Tuteur,Famille Burmaster,,ABurmaster@example.com,2741702148
Adelheid,Hucknall,Tuteur,Famille Hucknall,,AHucknall@example.com,9199739339
Abdul,Kerwick,Tuteur,Famille Kerwick,,AKerwick@example.com,9629706855
Vera,Stonehouse,Tuteur,Famille Stonehouse,,VStonehouse@example.com,5002031016
Tyne,Studman,Tuteur,Famille Studman,,TStudman@example.com,1523574938
Tucker,Syde,Tuteur,Famille Syde,,TSyde@example.com,9809294403
Titos,Symms,Tuteur,Famille Symms,,TSymms@example.com,1813586464
Tibold,Thams,Tuteur,Famille Thams,,TThams@example.com,3603425915
Terrence,Tousy,Tuteur,Famille Tousy,,TTousy@example.com,6222480824
Tansy,Veart,Tuteur,Famille Veart,,TVeart@example.com,9465549389
Tandie,Westell,Tuteur,Famille Westell,,TWestell@example.com,8879316267
Tammi,Wickwarth,Tuteur,Famille Wickwarth,,TWickwarth@example.com,3678104560
Susanne,Willgoss,Tuteur,Famille Willgoss,,SWillgoss@example.com,5806558990
Susana,Wiz,Tuteur,Famille Wiz,,SWiz@example.com,8868137257
Susana,Yanuk,Tuteur,Famille Yanuk,,SYanuk@example.com,2449770939